ethnic_group,searches,suspects,pop,searches_share,suspects_share,pop_share
Asian,11956,67931,514981,0.250560596852275,0.168442064023407,0.198207750940271
Black,8418,48153,164069,0.176415114110275,0.119400431451313,0.0631474704678799
White,27343,287206,1919138,0.57302428903745,0.71215750452528,0.738644778591849
